{"schemaVersion":"1.0","appDefinitionTemplate":{"id":"/providers/Microsoft.PowerApps/apps/","type":"Microsoft.PowerApps/apps","tags":{"primaryDeviceWidth":"640","primaryDeviceHeight":"1136","sienaVersion":"20240316T162236Z-3.24024.18.0","deviceCapabilities":"","supportsPortrait":"true","supportsLandscape":"true","primaryFormFactor":"Phone","publisherVersion":"3.24024.18","minimumRequiredApiVersion":"2.2.0","hasComponent":"false","hasUnlockedComponent":"false","isUnifiedRootApp":"false","showStatusBar":"false","offlineLargeFilesSupport":"false"},"properties":{"appVersion":"2024-03-16T16:22:36Z","lifeCycleId":"Published","createdByClientVersion":{"major":3,"minor":24024,"build":18,"revision":0,"majorRevision":0,"minorRevision":0},"minClientVersion":{"major":3,"minor":24024,"build":18,"revision":0,"majorRevision":0,"minorRevision":0},"backgroundColor":"RGBA(54,176,75,1)","backgroundImageUri":"/13678273056437757346/N179755cb-8299-4858-a292-021518ed9390-logoSmallFile","displayName":"Healing Roots","description":"","commitMessage":"","appUris":{"documentUri":{"value":"/13678273056437757346/N179b48aa-e4c6-48c1-87be-914191853612-document.msapp"},"imageUris":[],"additionalUris":[{"isSolutionAware":false,"value":"/13678273056437757346/Nc86a7b09-1205-4a57-b13d-419c1ff75c07-identity.json"}]},"createdTime":"0001-01-01T00:00:00Z","lastModifiedTime":"0001-01-01T00:00:00Z","sharedGroupsCount":0,"sharedUsersCount":0,"connectionReferences":{"19b21284-895e-41e8-9991-987baf0f5a0b":{"id":"cefd647e-e2ea-41ed-8c83-a2771b326ea3","displayName":"Office 365 Outlook","iconUri":"https://connectoricons-prod.azureedge.net/releases/v1.0.1676/1.0.1676.3617/office365/icon.png","dataSources":["Office365Outlook"],"dependencies":[],"dependents":[],"parameterHints":{},"parameterHintsV2":{},"isOnPremiseConnection":false,"bypassConsent":false,"dataSets":{},"apiTier":"Standard","isCustomApiConnection":false}},"authorizationReferences":[{"resourceId":"https://orga6846b66.crm.dynamics.com/"}],"databaseReferences":{"default.cds":{"databaseDetails":{"referenceType":"Environmental","environmentName":"default.cds","overrideValues":{"status":"NotSpecified","environmentVariableName":""}},"dataSources":{"datasyncstates":{"entitySetName":"datasyncstates","logicalName":"datasyncstate","isHidden":false},"Exported Excels":{"entitySetName":"exportedexcels","logicalName":"exportedexcel","isHidden":false}}},"ac18e6f5-63ee-e468-a95f-e8bc58c1711a":{"databaseDetails":{"referenceType":"Environmental","environmentName":"ac18e6f5-63ee-e468-a95f-e8bc58c1711a","overrideValues":{"status":"NotSpecified","environmentVariableName":""}},"dataSources":{"Affirmations":{"entitySetName":"cr8d0_affirmationses","logicalName":"cr8d0_affirmations","isHidden":false},"State Abbreviations":{"entitySetName":"cr8d0_stateabbreviationses","logicalName":"cr8d0_stateabbreviations","isHidden":false},"Races":{"entitySetName":"cr8d0_newtables","logicalName":"cr8d0_newtable","isHidden":false},"Possible Hobbies":{"entitySetName":"cr8d0_possiblehobbieses","logicalName":"cr8d0_possiblehobbies","isHidden":false}},"actions":["providers/PowerPlatform.Governance/Operations/Read"]}},"almMode":"Environment","performanceOptimizationEnabled":true,"canConsumeAppPass":true,"enableModernRuntimeMode":false,"executionRestrictions":{"isTeamsOnly":false,"dataLossPreventionEvaluationResult":{"status":"Compliant","lastEvaluationDate":"2024-03-16T06:28:06.4832317Z","violations":[],"violationsByPolicy":[],"violationErrorMessage":"The app uses the following connectors: ."}}},"appType":"ClassicCanvasApp","appComponents":[]}}